{"cameraMode":{"drawMode":0,"name":"Shaded","section":"Shading Mode"},"sceneLighting":false,"audioPlay":false,"sceneViewState":{"m_AlwaysRefresh":false,"showFog":true,"showSkybox":false,"showFlares":true,"showImageEffects":true,"showParticleSystems":true,"showVisualEffectGraphs":true,"m_FxEnabled":true},"in2DMode":false,"pivot":{"x":0.00031572580337524414,"y":0.7966360449790955,"z":-0.014978080987930298},"rotation":{"x":0.009912683628499508,"y":-0.9839666485786438,"z":0.1683981865644455,"w":0.05791999399662018},"size":1.9698669910430909,"orthographic":false}